Run ID,Time,X,Y,Z
1,0.000,1.129,1.205,1.061
1,0.010,1.136,1.497,1.047
1,0.020,1.172,1.788,1.036
1,0.030,1.234,2.086,1.029
1,0.040,1.319,2.398,1.027
1,0.050,1.427,2.730,1.032
1,0.060,1.557,3.087,1.043
1,0.070,1.710,3.476,1.063
1,0.080,1.887,3.902,1.095
1,0.090,2.088,4.371,1.139
1,0.100,2.317,4.888,1.200
1,0.110,2.574,5.460,1.281
1,0.120,2.862,6.093,1.388
1,0.130,3.186,6.794,1.525
1,0.140,3.546,7.570,1.701
1,0.150,3.949,8.427,1.924
1,0.160,4.397,9.372,2.205
1,0.170,4.894,10.412,2.558
1,0.180,5.446,11.553,3.000
1,0.190,6.057,12.799,3.549
1,0.200,6.731,14.152,4.230
1,0.210,7.473,15.611,5.069
1,0.220,8.287,17.168,6.101
1,0.230,9.175,18.811,7.361
1,0.240,10.139,20.517,8.890
1,0.250,11.176,22.249,10.733
1,0.260,12.284,23.956,12.934
1,0.270,13.451,25.567,15.532
1,0.280,14.663,26.989,18.557
1,0.290,15.895,28.104,22.019
1,0.300,17.116,28.773,25.899
1,0.310,18.282,28.845,30.133
1,0.320,19.338,28.167,34.603
1,0.330,20.221,26.608,39.127
1,0.340,20.860,24.092,43.464
1,0.350,21.183,20.625,47.331
1,0.360,21.127,16.324,50.438
1,0.370,20.647,11.421,52.541
1,0.380,19.724,6.239,53.498
1,0.390,18.376,1.148,53.302
1,0.400,16.653,-3.513,52.092
1,0.410,14.636,-7.490,50.118
1,0.420,12.424,-10.653,47.685
1,0.430,10.116,-12.992,45.090
1,0.440,7.805,-14.591,42.573
1,0.450,5.566,-15.582,40.299
1,0.460,3.451,-16.111,38.357
1,0.470,1.495,-16.307,36.778
1,0.480,-0.285,-16.275,35.554
1,0.490,-1.884,-16.091,34.652
1,0.500,-3.305,-15.805,34.031
1,0.510,-4.555,-15.447,33.646
1,0.520,-5.644,-15.036,33.453
1,0.530,-6.583,-14.578,33.409
1,0.540,-7.383,-14.076,33.478
1,0.550,-8.052,-13.530,33.624
1,0.560,-8.600,-12.942,33.817
1,0.570,-9.034,-12.313,34.029
1,0.580,-9.362,-11.645,34.233
1,0.590,-9.590,-10.945,34.411
1,0.600,-9.726,-10.221,34.543
1,0.610,-9.775,-9.482,34.616
1,0.620,-9.746,-8.740,34.619
1,0.630,-9.645,-8.008,34.548
1,0.640,-9.482,-7.296,34.399
1,0.650,-9.263,-6.617,34.174
1,0.660,-8.998,-5.979,33.875
1,0.670,-8.696,-5.390,33.510
1,0.680,-8.366,-4.857,33.085
1,0.690,-8.015,-4.383,32.609
1,0.700,-7.652,-3.970,32.091
1,0.710,-7.284,-3.617,31.539
1,0.720,-6.917,-3.323,30.961
1,0.730,-6.558,-3.085,30.365
1,0.740,-6.210,-2.899,29.758
1,0.750,-5.879,-2.761,29.145
1,0.760,-5.567,-2.666,28.530
1,0.770,-5.277,-2.610,27.917
1,0.780,-5.010,-2.588,27.311
1,0.790,-4.768,-2.597,26.712
1,0.800,-4.551,-2.632,26.123
1,0.810,-4.359,-2.691,25.547
1,0.820,-4.192,-2.771,24.983
1,0.830,-4.050,-2.870,24.433
1,0.840,-3.932,-2.986,23.897
1,0.850,-3.838,-3.117,23.378
1,0.860,-3.766,-3.264,22.874
1,0.870,-3.715,-3.424,22.387
1,0.880,-3.686,-3.598,21.917
1,0.890,-3.678,-3.787,21.465
1,0.900,-3.688,-3.989,21.032
1,0.910,-3.718,-4.206,20.618
1,0.920,-3.767,-4.439,20.225
1,0.930,-3.834,-4.687,19.853
1,0.940,-3.920,-4.953,19.503
1,0.950,-4.023,-5.236,19.177
1,0.960,-4.144,-5.539,18.876
1,0.970,-4.284,-5.861,18.603
1,0.980,-4.442,-6.205,18.358
1,0.990,-4.618,-6.572,18.144
1,1.000,-4.813,-6.961,17.963
1,1.010,-5.028,-7.375,17.819
1,1.020,-5.263,-7.813,17.715
1,1.030,-5.518,-8.276,17.654
1,1.040,-5.794,-8.764,17.640
1,1.050,-6.091,-9.277,17.677
1,1.060,-6.409,-9.813,17.771
1,1.070,-6.749,-10.370,17.926
1,1.080,-7.112,-10.946,18.147
1,1.090,-7.495,-11.538,18.442
1,1.100,-7.899,-12.139,18.815
1,1.110,-8.323,-12.743,19.272
1,1.120,-8.765,-13.342,19.819
1,1.130,-9.223,-13.925,20.460
1,1.140,-9.693,-14.482,21.198
1,1.150,-10.172,-14.996,22.037
1,1.160,-10.654,-15.453,22.975
1,1.170,-11.134,-15.834,24.008
1,1.180,-11.604,-16.120,25.131
1,1.190,-12.056,-16.291,26.331
1,1.200,-12.479,-16.330,27.593
1,1.210,-12.864,-16.217,28.895
1,1.220,-13.200,-15.940,30.211
1,1.230,-13.474,-15.489,31.509
1,1.240,-13.675,-14.861,32.756
1,1.250,-13.794,-14.062,33.915
1,1.260,-13.820,-13.105,34.950
1,1.270,-13.749,-12.014,35.829
1,1.280,-13.575,-10.817,36.525
1,1.290,-13.300,-9.552,37.020
1,1.300,-12.925,-8.257,37.303
1,1.310,-12.458,-6.972,37.375
1,1.320,-11.909,-5.734,37.247
1,1.330,-11.292,-4.575,36.937
1,1.340,-10.620,-3.520,36.469
1,1.350,-9.910,-2.586,35.870
1,1.360,-9.178,-1.780,35.170
1,1.370,-8.438,-1.104,34.395
1,1.380,-7.705,-0.554,33.571
1,1.390,-6.990,-0.119,32.719
1,1.400,-6.302,0.212,31.854
1,1.410,-5.651,0.453,30.992
1,1.420,-5.041,0.618,30.140
1,1.430,-4.475,0.719,29.305
1,1.440,-3.955,0.770,28.491
1,1.450,-3.483,0.782,27.701
1,1.460,-3.056,0.764,26.935
1,1.470,-2.674,0.724,26.193
1,1.480,-2.334,0.668,25.475
1,1.490,-2.034,0.603,24.780
1,1.500,-1.771,0.531,24.107
1,1.510,-1.540,0.457,23.455
1,1.520,-1.341,0.382,22.823
1,1.530,-1.168,0.309,22.209
1,1.540,-1.021,0.238,21.613
1,1.550,-0.895,0.171,21.034
1,1.560,-0.788,0.107,20.472
1,1.570,-0.699,0.046,19.925
1,1.580,-0.624,-0.011,19.393
1,1.590,-0.563,-0.064,18.876
1,1.600,-0.513,-0.115,18.373
1,1.610,-0.473,-0.163,17.884
1,1.620,-0.442,-0.209,17.408
1,1.630,-0.419,-0.254,16.945
1,1.640,-0.402,-0.298,16.494
1,1.650,-0.392,-0.341,16.055
1,1.660,-0.387,-0.385,15.628
1,1.670,-0.387,-0.429,15.213
1,1.680,-0.391,-0.474,14.809
1,1.690,-0.399,-0.521,14.416
1,1.700,-0.411,-0.570,14.034
1,1.710,-0.427,-0.622,13.662
1,1.720,-0.447,-0.677,13.300
1,1.730,-0.470,-0.736,12.948
1,1.740,-0.496,-0.799,12.607
1,1.750,-0.527,-0.867,12.274
1,1.760,-0.561,-0.941,11.952
1,1.770,-0.599,-1.022,11.638
1,1.780,-0.641,-1.110,11.334
1,1.790,-0.688,-1.205,11.039
1,1.800,-0.740,-1.310,10.753
1,1.810,-0.797,-1.424,10.476
1,1.820,-0.859,-1.550,10.208
1,1.830,-0.928,-1.687,9.949
1,1.840,-1.004,-1.838,9.699
1,1.850,-1.088,-2.003,9.459
1,1.860,-1.179,-2.185,9.229
1,1.870,-1.280,-2.385,9.008
1,1.880,-1.390,-2.604,8.799
1,1.890,-1.512,-2.845,8.600
1,1.900,-1.645,-3.109,8.414
1,1.910,-1.791,-3.401,8.241
1,1.920,-1.952,-3.721,8.082
1,1.930,-2.129,-4.072,7.939
1,1.940,-2.323,-4.459,7.814
1,1.950,-2.537,-4.883,7.709
1,1.960,-2.772,-5.349,7.627
1,1.970,-3.029,-5.860,7.572
1,1.980,-3.312,-6.420,7.548
1,1.990,-3.623,-7.034,7.559
2,0.000,1.099,1.282,1.078
2,0.010,1.117,1.565,1.063
2,0.020,1.162,1.850,1.053
2,0.030,1.231,2.144,1.046
2,0.040,1.322,2.455,1.044
2,0.050,1.435,2.786,1.049
2,0.060,1.570,3.145,1.061
2,0.070,1.728,3.537,1.082
2,0.080,1.909,3.967,1.114
2,0.090,2.114,4.440,1.160
2,0.100,2.347,4.963,1.223
2,0.110,2.609,5.542,1.307
2,0.120,2.902,6.183,1.417
2,0.130,3.230,6.892,1.559
2,0.140,3.596,7.678,1.740
2,0.150,4.004,8.545,1.969
2,0.160,4.458,9.502,2.259
2,0.170,4.963,10.555,2.622
2,0.180,5.522,11.709,3.076
2,0.190,6.141,12.968,3.641
2,0.200,6.823,14.334,4.340
2,0.210,7.574,15.805,5.202
2,0.220,8.398,17.374,6.261
2,0.230,9.295,19.026,7.553
2,0.240,10.268,20.736,9.120
2,0.250,11.315,22.467,11.006
2,0.260,12.430,24.165,13.255
2,0.270,13.604,25.757,15.905
2,0.280,14.819,27.144,18.985
2,0.290,16.052,28.209,22.501
2,0.300,17.267,28.810,26.429
2,0.310,18.422,28.793,30.699
2,0.320,19.459,28.008,35.184
2,0.330,20.314,26.330,39.696
2,0.340,20.915,23.691,43.986
2,0.350,21.193,20.110,47.768
2,0.360,21.084,15.720,50.756
2,0.370,20.548,10.765,52.717
2,0.380,19.570,5.578,53.523
2,0.390,18.171,0.528,53.187
2,0.400,16.406,-4.054,51.865
2,0.410,14.360,-7.929,49.817
2,0.420,12.131,-10.983,47.350
2,0.430,9.820,-13.220,44.755
2,0.440,7.516,-14.733,42.263
2,0.450,5.291,-15.658,40.029
2,0.460,3.196,-16.138,38.133
2,0.470,1.263,-16.300,36.600
2,0.480,-0.494,-16.246,35.418
2,0.490,-2.069,-16.047,34.554
2,0.500,-3.467,-15.751,33.964
2,0.510,-4.695,-15.386,33.605
2,0.520,-5.764,-14.969,33.431
2,0.530,-6.685,-14.507,33.402
2,0.540,-7.467,-14.000,33.481
2,0.550,-8.120,-13.451,33.634
2,0.560,-8.653,-12.859,33.829
2,0.570,-9.074,-12.226,34.040
2,0.580,-9.389,-11.556,34.242
2,0.590,-9.606,-10.854,34.414
2,0.600,-9.731,-10.130,34.538
2,0.610,-9.771,-9.392,34.603
2,0.620,-9.733,-8.653,34.598
2,0.630,-9.625,-7.924,34.518
2,0.640,-9.455,-7.218,34.360
2,0.650,-9.231,-6.544,34.126
2,0.660,-8.962,-5.913,33.820
2,0.670,-8.657,-5.333,33.448
2,0.680,-8.325,-4.808,33.018
2,0.690,-7.973,-4.342,32.538
2,0.700,-7.610,-3.937,32.016
2,0.710,-7.243,-3.592,31.462
2,0.720,-6.878,-3.305,30.883
2,0.730,-6.520,-3.074,30.287
2,0.740,-6.176,-2.894,29.680
2,0.750,-5.847,-2.761,29.067
2,0.760,-5.539,-2.671,28.453
2,0.770,-5.252,-2.619,27.842
2,0.780,-4.989,-2.601,27.237
2,0.790,-4.750,-2.613,26.641
2,0.800,-4.536,-2.652,26.055
2,0.810,-4.348,-2.714,25.480
2,0.820,-4.184,-2.796,24.919
2,0.830,-4.046,-2.897,24.371
2,0.840,-3.931,-3.015,23.838
2,0.850,-3.839,-3.148,23.321
2,0.860,-3.770,-3.296,22.820
2,0.870,-3.723,-3.459,22.336
2,0.880,-3.696,-3.635,21.869
2,0.890,-3.690,-3.825,21.420
2,0.900,-3.704,-4.030,20.990
2,0.910,-3.736,-4.249,20.580
2,0.920,-3.788,-4.484,20.190
2,0.930,-3.857,-4.735,19.821
2,0.940,-3.945,-5.003,19.475
2,0.950,-4.051,-5.289,19.153
2,0.960,-4.175,-5.595,18.857
2,0.970,-4.317,-5.920,18.587
2,0.980,-4.477,-6.268,18.347
2,0.990,-4.656,-6.637,18.139
2,1.000,-4.854,-7.030,17.964
2,1.010,-5.072,-7.447,17.826
2,1.020,-5.309,-7.888,17.728
2,1.030,-5.567,-8.355,17.675
2,1.040,-5.846,-8.846,17.668
2,1.050,-6.146,-9.361,17.714
2,1.060,-6.467,-9.900,17.817
2,1.070,-6.811,-10.460,17.982
2,1.080,-7.176,-11.037,18.215
2,1.090,-7.562,-11.629,18.521
2,1.100,-7.968,-12.229,18.907
2,1.110,-8.395,-12.832,19.377
2,1.120,-8.838,-13.427,19.938
2,1.130,-9.297,-14.005,20.593
2,1.140,-9.768,-14.554,21.346
2,1.150,-10.247,-15.059,22.198
2,1.160,-10.728,-15.502,23.149
2,1.170,-11.205,-15.868,24.195
2,1.180,-11.671,-16.136,25.328
2,1.190,-12.118,-16.286,26.536
2,1.200,-12.535,-16.301,27.801
2,1.210,-12.911,-16.163,29.103
2,1.220,-13.236,-15.858,30.414
2,1.230,-13.499,-15.380,31.702
2,1.240,-13.687,-14.727,32.933
2,1.250,-13.791,-13.904,34.070
2,1.260,-13.802,-12.928,35.079
2,1.270,-13.715,-11.822,35.928
2,1.280,-13.525,-10.616,36.591
2,1.290,-13.235,-9.348,37.052
2,1.300,-12.846,-8.057,37.301
2,1.310,-12.367,-6.781,37.341
2,1.320,-11.808,-5.558,37.184
2,1.330,-11.183,-4.418,36.849
2,1.340,-10.507,-3.385,36.360
2,1.350,-9.795,-2.472,35.746
2,1.360,-9.062,-1.689,35.035
2,1.370,-8.325,-1.034,34.254
2,1.380,-7.596,-0.503,33.427
2,1.390,-6.887,-0.086,32.573
2,1.400,-6.207,0.230,31.711
2,1.410,-5.563,0.458,30.851
2,1.420,-4.961,0.612,30.003
2,1.430,-4.404,0.705,29.172
2,1.440,-3.893,0.749,28.363
2,1.450,-3.429,0.756,27.578
2,1.460,-3.010,0.734,26.816
2,1.470,-2.636,0.691,26.079
2,1.480,-2.303,0.634,25.366
2,1.490,-2.009,0.567,24.675
2,1.500,-1.752,0.494,24.005
2,1.510,-1.527,0.419,23.356
2,1.520,-1.333,0.344,22.727
2,1.530,-1.165,0.270,22.117
2,1.540,-1.021,0.199,21.524
2,1.550,-0.899,0.131,20.948
2,1.560,-0.796,0.066,20.388
2,1.570,-0.710,0.005,19.844
2,1.580,-0.639,-0.053,19.314
2,1.590,-0.580,-0.108,18.800
2,1.600,-0.533,-0.160,18.299
2,1.610,-0.496,-0.210,17.812
2,1.620,-0.467,-0.259,17.338
2,1.630,-0.446,-0.306,16.877
2,1.640,-0.432,-0.352,16.428
2,1.650,-0.424,-0.399,15.992
2,1.660,-0.422,-0.446,15.567
2,1.670,-0.424,-0.494,15.154
2,1.680,-0.431,-0.543,14.752
2,1.690,-0.442,-0.595,14.361
2,1.700,-0.458,-0.649,13.980
2,1.710,-0.477,-0.707,13.610
2,1.720,-0.500,-0.769,13.251
2,1.730,-0.527,-0.835,12.901
2,1.740,-0.557,-0.906,12.562
2,1.750,-0.592,-0.983,12.232
2,1.760,-0.631,-1.066,11.911
2,1.770,-0.675,-1.157,11.600
2,1.780,-0.723,-1.256,11.299
2,1.790,-0.776,-1.365,11.007
2,1.800,-0.835,-1.483,10.724
2,1.810,-0.900,-1.612,10.450
2,1.820,-0.971,-1.754,10.186
2,1.830,-1.050,-1.910,9.931
2,1.840,-1.136,-2.080,9.687
2,1.850,-1.230,-2.268,9.452
2,1.860,-1.334,-2.473,9.228
2,1.870,-1.448,-2.699,9.015
2,1.880,-1.573,-2.947,8.813
2,1.890,-1.710,-3.219,8.625
2,1.900,-1.861,-3.518,8.450
2,1.910,-2.027,-3.847,8.290
2,1.920,-2.209,-4.208,8.147
2,1.930,-2.409,-4.604,8.023
2,1.940,-2.628,-5.039,7.920
2,1.950,-2.869,-5.517,7.841
2,1.960,-3.134,-6.040,7.790
2,1.970,-3.425,-6.613,7.772
2,1.980,-3.743,-7.240,7.791
2,1.990,-4.093,-7.924,7.854
3,0.000,1.010,1.173,1.072
3,0.010,1.026,1.433,1.055
3,0.020,1.067,1.695,1.042
3,0.030,1.130,1.966,1.032
3,0.040,1.213,2.251,1.027
3,0.050,1.317,2.556,1.027
3,0.060,1.441,2.886,1.033
3,0.070,1.586,3.245,1.047
3,0.080,1.752,3.640,1.071
3,0.090,1.940,4.076,1.106
3,0.100,2.154,4.557,1.155
3,0.110,2.394,5.089,1.223
3,0.120,2.664,5.680,1.312
3,0.130,2.965,6.334,1.428
3,0.140,3.302,7.058,1.578
3,0.150,3.678,7.860,1.769
3,0.160,4.096,8.746,2.011
3,0.170,4.561,9.723,2.315
3,0.180,5.077,10.798,2.697
3,0.190,5.649,11.974,3.174
3,0.200,6.282,13.257,3.765
3,0.210,6.979,14.647,4.498
3,0.220,7.746,16.141,5.400
3,0.230,8.586,17.730,6.506
3,0.240,9.500,19.398,7.855
3,0.250,10.490,21.118,9.488
3,0.260,11.553,22.848,11.450
3,0.270,12.682,24.532,13.785
3,0.280,13.867,26.089,16.528
3,0.290,15.089,27.419,19.705
3,0.300,16.322,28.397,23.317
3,0.310,17.530,28.877,27.330
3,0.320,18.664,28.706,31.664
3,0.330,19.669,27.735,36.177
3,0.340,20.475,25.849,40.667
3,0.350,21.013,22.997,44.875
3,0.360,21.211,19.221,48.511
3,0.370,21.012,14.678,51.294
3,0.380,20.379,9.637,53.011
3,0.390,19.304,4.444,53.561
3,0.400,17.818,-0.535,52.990
3,0.410,15.983,-4.983,51.482
3,0.420,13.886,-8.686,49.313
3,0.430,11.629,-11.559,46.792
3,0.440,9.310,-13.628,44.200
3,0.450,7.016,-15.000,41.752
3,0.460,4.815,-15.815,39.586
3,0.470,2.752,-16.215,37.769
3,0.480,0.855,-16.322,36.316
3,0.490,-0.863,-16.230,35.208
3,0.500,-2.399,-16.005,34.409
3,0.510,-3.760,-15.691,33.875
3,0.520,-4.953,-15.313,33.562
3,0.530,-5.989,-14.885,33.425
3,0.540,-6.879,-14.411,33.426
3,0.550,-7.632,-13.894,33.525
3,0.560,-8.258,-13.333,33.692
3,0.570,-8.766,-12.730,33.894
3,0.580,-9.162,-12.086,34.106
3,0.590,-9.454,-11.405,34.304
3,0.600,-9.649,-10.695,34.468
3,0.610,-9.754,-9.964,34.581
3,0.620,-9.775,-9.223,34.630
3,0.630,-9.720,-8.482,34.608
3,0.640,-9.596,-7.755,34.510
3,0.650,-9.412,-7.053,34.334
3,0.660,-9.176,-6.386,34.082
3,0.670,-8.897,-5.764,33.759
3,0.680,-8.584,-5.194,33.372
3,0.690,-8.245,-4.681,32.928
3,0.700,-7.889,-4.228,32.436
3,0.710,-7.523,-3.836,31.904
3,0.720,-7.154,-3.504,31.342
3,0.730,-6.789,-3.230,30.757
3,0.740,-6.433,-3.010,30.156
3,0.750,-6.091,-2.841,29.546
3,0.760,-5.766,-2.719,28.931
3,0.770,-5.461,-2.638,28.316
3,0.780,-5.179,-2.594,27.705
3,0.790,-4.920,-2.584,27.101
3,0.800,-4.687,-2.602,26.505
3,0.810,-4.478,-2.646,25.920
3,0.820,-4.295,-2.713,25.347
3,0.830,-4.137,-2.800,24.788
3,0.840,-4.003,-2.904,24.243
3,0.850,-3.893,-3.026,23.713
3,0.860,-3.806,-3.162,23.198
3,0.870,-3.742,-3.314,22.700
3,0.880,-3.699,-3.479,22.219
3,0.890,-3.677,-3.658,21.755
3,0.900,-3.675,-3.851,21.309
3,0.910,-3.693,-4.058,20.882
3,0.920,-3.729,-4.281,20.475
3,0.930,-3.784,-4.518,20.089
3,0.940,-3.858,-4.773,19.724
3,0.950,-3.949,-5.044,19.382
3,0.960,-4.059,-5.334,19.065
3,0.970,-4.186,-5.643,18.773
3,0.980,-4.332,-5.973,18.509
3,0.990,-4.496,-6.325,18.274
3,1.000,-4.679,-6.699,18.071
3,1.010,-4.881,-7.096,17.902
3,1.020,-5.103,-7.518,17.771
3,1.030,-5.344,-7.965,17.681
3,1.040,-5.606,-8.437,17.635
3,1.050,-5.889,-8.934,17.638
3,1.060,-6.194,-9.454,17.694
3,1.070,-6.520,-9.998,17.807
3,1.080,-6.868,-10.563,17.984
3,1.090,-7.237,-11.145,18.230
3,1.100,-7.628,-11.741,18.551
3,1.110,-8.039,-12.344,18.952
3,1.120,-8.470,-12.948,19.439
3,1.130,-8.917,-13.544,20.017
3,1.140,-9.380,-14.120,20.691
3,1.150,-9.854,-14.664,21.464
3,1.160,-10.335,-15.162,22.336
3,1.170,-10.818,-15.596,23.308
3,1.180,-11.296,-15.947,24.373
3,1.190,-11.761,-16.197,25.525
3,1.200,-12.204,-16.327,26.749
3,1.210,-12.617,-16.316,28.028
3,1.220,-12.987,-16.149,29.339
3,1.230,-13.303,-15.814,30.654
3,1.240,-13.554,-15.303,31.940
3,1.250,-13.729,-14.616,33.163
3,1.260,-13.818,-13.761,34.285
3,1.270,-13.812,-12.755,35.272
3,1.280,-13.706,-11.623,36.093
3,1.290,-13.498,-10.397,36.724
3,1.300,-13.188,-9.116,37.148
3,1.310,-12.781,-7.818,37.359
3,1.320,-12.284,-6.544,37.362
3,1.330,-11.710,-5.328,37.170
3,1.340,-11.072,-4.201,36.803
3,1.350,-10.385,-3.185,36.286
3,1.360,-9.665,-2.292,35.649
3,1.370,-8.928,-1.530,34.920
3,1.380,-8.188,-0.897,34.126
3,1.390,-7.459,-0.386,33.289
3,1.400,-6.752,0.012,32.430
3,1.410,-6.075,0.311,31.565
3,1.420,-5.437,0.524,30.704
3,1.430,-4.840,0.666,29.857
3,1.440,-4.290,0.749,29.028
3,1.450,-3.786,0.786,28.222
3,1.460,-3.329,0.787,27.440
3,1.470,-2.917,0.760,26.682
3,1.480,-2.549,0.714,25.948
3,1.490,-2.223,0.655,25.238
3,1.500,-1.935,0.587,24.550
3,1.510,-1.683,0.514,23.884
3,1.520,-1.463,0.440,23.239
3,1.530,-1.273,0.366,22.613
3,1.540,-1.109,0.293,22.005
3,1.550,-0.969,0.224,21.415
3,1.560,-0.850,0.158,20.842
3,1.570,-0.749,0.095,20.285
3,1.580,-0.665,0.037,19.743
3,1.590,-0.594,-0.019,19.216
3,1.600,-0.537,-0.071,18.704
3,1.610,-0.490,-0.120,18.206
3,1.620,-0.453,-0.167,17.721
3,1.630,-0.424,-0.212,17.249
3,1.640,-0.403,-0.255,16.790
3,1.650,-0.388,-0.298,16.343
3,1.660,-0.379,-0.340,15.908
3,1.670,-0.375,-0.382,15.485
3,1.680,-0.376,-0.426,15.074
3,1.690,-0.381,-0.470,14.674
3,1.700,-0.390,-0.516,14.284
3,1.710,-0.403,-0.564,13.905
3,1.720,-0.419,-0.615,13.537
3,1.730,-0.438,-0.670,13.178
3,1.740,-0.462,-0.728,12.830
3,1.750,-0.488,-0.791,12.491
3,1.760,-0.518,-0.859,12.162
3,1.770,-0.552,-0.932,11.842
3,1.780,-0.590,-1.012,11.531
3,1.790,-0.633,-1.099,11.230
3,1.800,-0.679,-1.194,10.937
3,1.810,-0.731,-1.298,10.654
3,1.820,-0.788,-1.412,10.379
3,1.830,-0.850,-1.537,10.113
3,1.840,-0.919,-1.673,9.857
3,1.850,-0.994,-1.823,9.609
3,1.860,-1.077,-1.988,9.371
3,1.870,-1.168,-2.169,9.143
3,1.880,-1.268,-2.367,8.924
3,1.890,-1.378,-2.586,8.716
3,1.900,-1.499,-2.825,8.519
3,1.910,-1.632,-3.089,8.335
3,1.920,-1.777,-3.379,8.163
3,1.930,-1.937,-3.698,8.005
3,1.940,-2.114,-4.048,7.863
3,1.950,-2.307,-4.433,7.739
3,1.960,-2.520,-4.857,7.635
3,1.970,-2.753,-5.321,7.554
3,1.980,-3.010,-5.831,7.499
3,1.990,-3.292,-6.390,7.474
4,0.000,1.121,1.241,1.044
4,0.010,1.133,1.530,1.030
4,0.020,1.173,1.821,1.020
4,0.030,1.237,2.119,1.014
4,0.040,1.326,2.432,1.013
4,0.050,1.436,2.765,1.018
4,0.060,1.569,3.125,1.031
4,0.070,1.725,3.517,1.053
4,0.080,1.904,3.946,1.085
4,0.090,2.108,4.419,1.131
4,0.100,2.339,4.941,1.194
4,0.110,2.599,5.519,1.278
4,0.120,2.891,6.158,1.387
4,0.130,3.218,6.866,1.529
4,0.140,3.583,7.650,1.709
4,0.150,3.990,8.515,1.937
4,0.160,4.442,9.470,2.225
4,0.170,4.945,10.520,2.587
4,0.180,5.502,11.671,3.038
4,0.190,6.119,12.928,3.599
4,0.200,6.800,14.292,4.294
4,0.210,7.549,15.761,5.152
4,0.220,8.371,17.329,6.204
4,0.230,9.266,18.980,7.489
4,0.240,10.238,20.691,9.048
4,0.250,11.283,22.424,10.925
4,0.260,12.397,24.126,13.164
4,0.270,13.570,25.724,15.804
4,0.280,14.785,27.122,18.873
4,0.290,16.019,28.200,22.380
4,0.300,17.237,28.818,26.301
4,0.310,18.395,28.823,30.567
4,0.320,19.438,28.063,35.054
4,0.330,20.301,26.411,39.574
4,0.340,20.912,23.797,43.880
4,0.350,21.200,20.239,47.686
4,0.360,21.104,15.863,50.705
4,0.370,20.580,10.912,52.701
4,0.380,19.613,5.720,53.541
4,0.390,18.224,0.653,53.235
4,0.400,16.467,-3.952,51.935
4,0.410,14.425,-7.854,49.899
4,0.420,12.197,-10.934,47.436
4,0.430,9.884,-13.196,44.837
4,0.440,7.576,-14.728,42.337
4,0.450,5.346,-15.667,40.092
4,0.460,3.244,-16.156,38.186
4,0.470,1.304,-16.325,36.643
4,0.480,-0.459,-16.275,35.453
4,0.490,-2.040,-16.078,34.582
4,0.500,-3.444,-15.783,33.988
4,0.510,-4.678,-15.419,33.625
4,0.520,-5.752,-15.001,33.450
4,0.530,-6.677,-14.538,33.421
4,0.540,-7.463,-14.031,33.500
4,0.550,-8.120,-13.480,33.654
4,0.560,-8.656,-12.886,33.851
4,0.570,-9.079,-12.250,34.064
4,0.580,-9.396,-11.577,34.268
4,0.590,-9.614,-10.873,34.442
4,0.600,-9.740,-10.145,34.569
4,0.610,-9.780,-9.403,34.635
4,0.620,-9.743,-8.661,34.631
4,0.630,-9.635,-7.928,34.551
4,0.640,-9.464,-7.217,34.394
4,0.650,-9.239,-6.540,34.160
4,0.660,-8.969,-5.906,33.853
4,0.670,-8.663,-5.322,33.480
4,0.680,-8.329,-4.794,33.048
4,0.690,-7.975,-4.325,32.566
4,0.700,-7.610,-3.918,32.043
4,0.710,-7.241,-3.571,31.486
4,0.720,-6.874,-3.283,30.905
4,0.730,-6.515,-3.050,30.307
4,0.740,-6.168,-2.870,29.697
4,0.750,-5.839,-2.736,29.082
4,0.760,-5.528,-2.646,28.467
4,0.770,-5.240,-2.593,27.854
4,0.780,-4.975,-2.575,27.247
4,0.790,-4.735,-2.587,26.648
4,0.800,-4.521,-2.625,26.060
4,0.810,-4.331,-2.686,25.484
4,0.820,-4.167,-2.768,24.921
4,0.830,-4.027,-2.869,24.372
4,0.840,-3.911,-2.987,23.837
4,0.850,-3.819,-3.119,23.318
4,0.860,-3.749,-3.267,22.816
4,0.870,-3.700,-3.429,22.330
4,0.880,-3.673,-3.604,21.861
4,0.890,-3.666,-3.794,21.411
4,0.900,-3.679,-3.997,20.979
4,0.910,-3.711,-4.216,20.566
4,0.920,-3.761,-4.449,20.174
4,0.930,-3.830,-4.699,19.804
4,0.940,-3.917,-4.966,19.456
4,0.950,-4.022,-5.251,19.131
4,0.960,-4.145,-5.555,18.832
4,0.970,-4.286,-5.880,18.560
4,0.980,-4.445,-6.226,18.317
4,0.990,-4.623,-6.594,18.106
4,1.000,-4.820,-6.985,17.928
4,1.010,-5.037,-7.401,17.786
4,1.020,-5.273,-7.841,17.685
4,1.030,-5.530,-8.307,17.627
4,1.040,-5.808,-8.798,17.616
4,1.050,-6.107,-9.313,17.657
4,1.060,-6.427,-9.851,17.755
4,1.070,-6.770,-10.411,17.915
4,1.080,-7.134,-10.990,18.142
4,1.090,-7.519,-11.583,18.442
4,1.100,-7.926,-12.186,18.821
4,1.110,-8.352,-12.792,19.285
4,1.120,-8.796,-13.391,19.839
4,1.130,-9.255,-13.975,20.488
4,1.140,-9.727,-14.531,21.235
4,1.150,-10.208,-15.044,22.083
4,1.160,-10.691,-15.497,23.029
4,1.170,-11.172,-15.874,24.072
4,1.180,-11.642,-16.154,25.203
4,1.190,-12.093,-16.318,26.412
4,1.200,-12.516,-16.347,27.681
4,1.210,-12.899,-16.223,28.989
4,1.220,-13.231,-15.933,30.308
4,1.230,-13.501,-15.469,31.608
4,1.240,-13.698,-14.827,32.854
4,1.250,-13.811,-14.014,34.009
4,1.260,-13.831,-13.044,35.037
4,1.270,-13.752,-11.940,35.907
4,1.280,-13.571,-10.733,36.591
4,1.290,-13.287,-9.460,37.072
4,1.300,-12.905,-8.160,37.341
4,1.310,-12.430,-6.873,37.398
4,1.320,-11.874,-5.636,37.255
4,1.330,-11.251,-4.480,36.931
4,1.340,-10.574,-3.431,36.450
4,1.350,-9.859,-2.503,35.841
4,1.360,-9.124,-1.705,35.132
4,1.370,-8.382,-1.037,34.350
4,1.380,-7.647,-0.495,33.521
4,1.390,-6.932,-0.068,32.665
4,1.400,-6.246,0.257,31.799
4,1.410,-5.595,0.491,30.935
4,1.420,-4.987,0.651,30.082
4,1.430,-4.423,0.748,29.248
4,1.440,-3.906,0.796,28.435
4,1.450,-3.436,0.805,27.645
4,1.460,-3.012,0.784,26.881
4,1.470,-2.632,0.743,26.140
4,1.480,-2.295,0.686,25.424
4,1.490,-1.996,0.620,24.730
4,1.500,-1.735,0.549,24.058
4,1.510,-1.506,0.475,23.407
4,1.520,-1.308,0.401,22.776
4,1.530,-1.137,0.329,22.163
4,1.540,-0.991,0.259,21.568
4,1.550,-0.866,0.193,20.991
4,1.560,-0.760,0.130,20.429
4,1.570,-0.671,0.071,19.883
4,1.580,-0.597,0.016,19.353
4,1.590,-0.535,-0.036,18.836
4,1.600,-0.485,-0.084,18.334
4,1.610,-0.445,-0.130,17.846
4,1.620,-0.414,-0.174,17.371
4,1.630,-0.390,-0.216,16.908
4,1.640,-0.372,-0.258,16.458
4,1.650,-0.361,-0.298,16.020
4,1.660,-0.355,-0.338,15.594
4,1.670,-0.353,-0.379,15.179
4,1.680,-0.356,-0.420,14.776
4,1.690,-0.362,-0.463,14.383
4,1.700,-0.372,-0.508,14.001
4,1.710,-0.386,-0.555,13.630
4,1.720,-0.403,-0.605,13.269
4,1.730,-0.423,-0.658,12.917
4,1.740,-0.446,-0.715,12.576
4,1.750,-0.473,-0.777,12.243
4,1.760,-0.504,-0.844,11.921
4,1.770,-0.538,-0.916,11.607
4,1.780,-0.575,-0.995,11.302
4,1.790,-0.617,-1.081,11.007
4,1.800,-0.664,-1.175,10.720
4,1.810,-0.715,-1.278,10.442
4,1.820,-0.771,-1.391,10.172
4,1.830,-0.833,-1.515,9.912
4,1.840,-0.901,-1.650,9.660
4,1.850,-0.976,-1.799,9.418
4,1.860,-1.059,-1.962,9.184
4,1.870,-1.149,-2.142,8.960
4,1.880,-1.248,-2.339,8.746
4,1.890,-1.357,-2.556,8.542
4,1.900,-1.477,-2.795,8.348
4,1.910,-1.609,-3.057,8.167
4,1.920,-1.754,-3.346,7.998
4,1.930,-1.913,-3.663,7.844
4,1.940,-2.088,-4.012,7.705
4,1.950,-2.280,-4.396,7.583
4,1.960,-2.492,-4.817,7.481
4,1.970,-2.725,-5.281,7.402
4,1.980,-2.980,-5.789,7.348
4,1.990,-3.261,-6.347,7.325
5,0.000,1.240,1.220,1.334
5,0.010,1.238,1.539,1.313
5,0.020,1.268,1.854,1.297
5,0.030,1.327,2.174,1.286
5,0.040,1.411,2.506,1.281
5,0.050,1.521,2.858,1.282
5,0.060,1.655,3.236,1.291
5,0.070,1.813,3.646,1.311
5,0.080,1.996,4.093,1.342
5,0.090,2.206,4.584,1.388
5,0.100,2.444,5.125,1.452
5,0.110,2.712,5.723,1.538
5,0.120,3.013,6.383,1.652
5,0.130,3.350,7.113,1.801
5,0.140,3.726,7.920,1.991
5,0.150,4.145,8.809,2.233
5,0.160,4.612,9.790,2.539
5,0.170,5.130,10.866,2.922
5,0.180,5.703,12.044,3.402
5,0.190,6.337,13.326,3.998
5,0.200,7.036,14.714,4.736
5,0.210,7.804,16.204,5.645
5,0.220,8.644,17.786,6.759
5,0.230,9.558,19.444,8.116
5,0.240,10.547,21.151,9.758
5,0.250,11.607,22.863,11.729
5,0.260,12.733,24.523,14.070
5,0.270,13.912,26.051,16.817
5,0.280,15.126,27.347,19.993
5,0.290,16.348,28.284,23.596
5,0.300,17.541,28.722,27.591
5,0.310,18.660,28.506,31.893
5,0.320,19.644,27.495,36.362
5,0.330,20.429,25.577,40.793
5,0.340,20.944,22.708,44.930
5,0.350,21.120,18.935,48.488
5,0.360,20.902,14.418,51.194
5,0.370,20.253,9.426,52.843
5,0.380,19.171,4.300,53.343
5,0.390,17.684,-0.601,52.745
5,0.400,15.855,-4.971,51.232
5,0.410,13.773,-8.605,49.078
5,0.420,11.535,-11.422,46.584
5,0.430,9.239,-13.451,44.024
5,0.440,6.970,-14.797,41.607
5,0.450,4.793,-15.597,39.466
5,0.460,2.754,-15.991,37.666
5,0.470,0.880,-16.097,36.221
5,0.480,-0.818,-16.009,35.114
5,0.490,-2.337,-15.791,34.308
5,0.500,-3.682,-15.485,33.763
5,0.510,-4.863,-15.118,33.432
5,0.520,-5.888,-14.703,33.276
5,0.530,-6.770,-14.245,33.254
5,0.540,-7.517,-13.747,33.332
5,0.550,-8.140,-13.209,33.477
5,0.560,-8.647,-12.631,33.659
5,0.570,-9.045,-12.015,33.854
5,0.580,-9.342,-11.366,34.038
5,0.590,-9.545,-10.688,34.192
5,0.600,-9.659,-9.990,34.300
5,0.610,-9.692,-9.281,34.350
5,0.620,-9.651,-8.573,34.334
5,0.630,-9.543,-7.876,34.246
5,0.640,-9.377,-7.201,34.084
5,0.650,-9.159,-6.559,33.851
5,0.660,-8.899,-5.957,33.549
5,0.670,-8.605,-5.404,33.184
5,0.680,-8.285,-4.904,32.764
5,0.690,-7.947,-4.460,32.297
5,0.700,-7.598,-4.074,31.790
5,0.710,-7.246,-3.745,31.252
5,0.720,-6.896,-3.472,30.690
5,0.730,-6.553,-3.252,30.111
5,0.740,-6.223,-3.081,29.521
5,0.750,-5.909,-2.956,28.926
5,0.760,-5.614,-2.872,28.329
5,0.770,-5.339,-2.824,27.735
5,0.780,-5.088,-2.810,27.146
5,0.790,-4.860,-2.826,26.565
5,0.800,-4.657,-2.867,25.994
5,0.810,-4.478,-2.932,25.434
5,0.820,-4.323,-3.017,24.887
5,0.830,-4.193,-3.122,24.354
5,0.840,-4.086,-3.244,23.835
5,0.850,-4.001,-3.381,23.332
5,0.860,-3.939,-3.534,22.845
5,0.870,-3.899,-3.702,22.375
5,0.880,-3.879,-3.884,21.923
5,0.890,-3.880,-4.081,21.489
5,0.900,-3.900,-4.293,21.074
5,0.910,-3.939,-4.520,20.680
5,0.920,-3.997,-4.763,20.306
5,0.930,-4.074,-5.023,19.955
5,0.940,-4.169,-5.301,19.628
5,0.950,-4.282,-5.597,19.325
5,0.960,-4.413,-5.912,19.050
5,0.970,-4.563,-6.248,18.803
5,0.980,-4.732,-6.605,18.586
5,0.990,-4.919,-6.984,18.403
5,1.000,-5.126,-7.387,18.256
5,1.010,-5.352,-7.812,18.148
5,1.020,-5.598,-8.261,18.082
5,1.030,-5.864,-8.734,18.062
5,1.040,-6.151,-9.229,18.093
5,1.050,-6.459,-9.746,18.178
5,1.060,-6.788,-10.283,18.323
5,1.070,-7.137,-10.837,18.532
5,1.080,-7.507,-11.405,18.811
5,1.090,-7.897,-11.981,19.166
5,1.100,-8.305,-12.558,19.601
5,1.110,-8.731,-13.130,20.121
5,1.120,-9.171,-13.687,20.731
5,1.130,-9.622,-14.217,21.433
5,1.140,-10.082,-14.706,22.230
5,1.150,-10.544,-15.141,23.120
5,1.160,-11.004,-15.504,24.100
5,1.170,-11.454,-15.778,25.163
5,1.180,-11.886,-15.945,26.299
5,1.190,-12.292,-15.988,27.493
5,1.200,-12.662,-15.891,28.725
5,1.210,-12.985,-15.640,29.972
5,1.220,-13.250,-15.227,31.203
5,1.230,-13.448,-14.651,32.389
5,1.240,-13.568,-13.914,33.495
5,1.250,-13.603,-13.029,34.490
5,1.260,-13.545,-12.016,35.342
5,1.270,-13.393,-10.901,36.028
5,1.280,-13.143,-9.717,36.527
5,1.290,-12.801,-8.499,36.830
5,1.300,-12.371,-7.284,36.936
5,1.310,-11.862,-6.106,36.852
5,1.320,-11.286,-4.995,36.594
5,1.330,-10.657,-3.975,36.181
5,1.340,-9.989,-3.063,35.640
5,1.350,-9.296,-2.269,34.996
5,1.360,-8.594,-1.596,34.274
5,1.370,-7.894,-1.041,33.497
5,1.380,-7.209,-0.597,32.686
5,1.390,-6.548,-0.253,31.857
5,1.400,-5.918,0.002,31.024
5,1.410,-5.326,0.181,30.197
5,1.420,-4.775,0.296,29.382
5,1.430,-4.268,0.359,28.584
5,1.440,-3.806,0.380,27.807
5,1.450,-3.387,0.369,27.051
5,1.460,-3.011,0.333,26.317
5,1.470,-2.677,0.279,25.605
5,1.480,-2.381,0.213,24.915
5,1.490,-2.122,0.137,24.245
5,1.500,-1.896,0.056,23.596
5,1.510,-1.701,-0.028,22.966
5,1.520,-1.534,-0.114,22.354
5,1.530,-1.392,-0.199,21.759
5,1.540,-1.272,-0.284,21.182
5,1.550,-1.173,-0.368,20.621
5,1.560,-1.093,-0.451,20.075
5,1.570,-1.029,-0.533,19.545
5,1.580,-0.979,-0.614,19.029
5,1.590,-0.943,-0.696,18.527
5,1.600,-0.918,-0.778,18.040
5,1.610,-0.904,-0.862,17.566
5,1.620,-0.900,-0.948,17.105
5,1.630,-0.905,-1.036,16.658
5,1.640,-0.918,-1.129,16.223
5,1.650,-0.939,-1.225,15.801
5,1.660,-0.967,-1.328,15.391
5,1.670,-1.004,-1.436,14.993
5,1.680,-1.047,-1.552,14.608
5,1.690,-1.097,-1.677,14.235
5,1.700,-1.155,-1.811,13.873
5,1.710,-1.221,-1.957,13.524
5,1.720,-1.295,-2.114,13.188
5,1.730,-1.376,-2.284,12.863
5,1.740,-1.467,-2.470,12.552
5,1.750,-1.567,-2.672,12.253
5,1.760,-1.678,-2.892,11.968
5,1.770,-1.799,-3.132,11.698
5,1.780,-1.933,-3.394,11.442
5,1.790,-2.079,-3.680,11.203
5,1.800,-2.239,-3.992,10.980
5,1.810,-2.414,-4.334,10.777
5,1.820,-2.606,-4.706,10.594
5,1.830,-2.816,-5.113,10.434
5,1.840,-3.046,-5.556,10.300
5,1.850,-3.297,-6.040,10.195
5,1.860,-3.571,-6.566,10.122
5,1.870,-3.871,-7.139,10.086
5,1.880,-4.197,-7.761,10.094
5,1.890,-4.554,-8.435,10.150
5,1.900,-4.942,-9.163,10.264
5,1.910,-5.364,-9.948,10.443
5,1.920,-5.822,-10.791,10.698
5,1.930,-6.319,-11.690,11.041
5,1.940,-6.856,-12.645,11.485
5,1.950,-7.435,-13.651,12.046
5,1.960,-8.057,-14.700,12.740
5,1.970,-8.721,-15.783,13.585
5,1.980,-9.427,-16.882,14.599
5,1.990,-10.173,-17.977,15.801
